Company,Crunchbase,Facebook,Github,Linkedin,Name,Twitter
Xendit,https://www.crunchbase.com/organization/xendit,https://www.facebook.com/xendit/,,https://www.linkedin.com/company/xendit/; https://www.linkedin.com/in/bochen303; https://www.linkedin.com/in/0505gonzalez,,
Ajaib,https://www.crunchbase.com/organization/ajaib,,,https://www.linkedin.com/company/ajaib-id; https://www.linkedin.com/in/andersonsumarli/; https://www.linkedin.com/in/yada-piyajomkwan-88713865/,,
Shipper,https://www.crunchbase.com/organization/shipper-35b4,https://www.facebook.com/shipperID,,https://www.linkedin.com/company/shipper-indonesia/; https://www.linkedin.com/in/bhandoko/; https://www.linkedin.com/in/phil-opamuratawongse-b87b9380/,,
FAZZ,https://www.crunchbase.com/organization/fazz-financial,,,https://www.linkedin.com/company/fazz-financial-group/; https://www.linkedin.com/in/hendra-kwik-4a291242?trk=hp-identity-name; https://www.linkedin.com/in/ricky-winata-75735458,,
Spenmo,,https://www.facebook.com/Spenmosingapore,,https://www.linkedin.com/company/spenmo; https://www.linkedin.com/in/mohandasskalaichelvan/; https://www.linkedin.com/in/isaqahmed/,,
Aspire,,https://www.facebook.com/AspireSingapore/,,https://www.linkedin.com/company/aspire-sea/; https://www.linkedin.com/in/andrea-baronchelli-0979a541/,,
Super,https://www.crunchbase.com/organization/super-1f7d,https://www.facebook.com/aplikasisuper,,https://www.linkedin.com/company/superapp-id/?viewAsMember=true; https://www.linkedin.com/in/stevenwongsoredjo/,,
BukuWarung,,https://www.facebook.com/bukuwarung,,https://www.linkedin.com/company/31532829/; https://www.linkedin.com/in/abh1nay/; https://www.linkedin.com/in/chinmaychauhan/,,
Unbabel,https://www.crunchbase.com/organization/unbabel,https://www.facebook.com/unbabel,,https://www.linkedin.com/company/unbabel/; https://www.linkedin.com/in/vascopedro/; https://www.linkedin.com/in/bruno-prezado-silva-b26a028/,,
Snappr,https://www.crunchbase.com/organization/snappr-2,https://www.facebook.com/snappr.co/,,https://www.linkedin.com/company/snappr.co/; https://www.linkedin.com/in/mdschiller/,,
PayMongo,https://www.crunchbase.com/organization/paymongo,https://www.facebook.com/paymongo,,https://www.linkedin.com/company/paymongo; https://www.linkedin.com/in/luis-sia-356877148/,,
X-Zell,https://www.crunchbase.com/organization/x-zell,,,https://www.linkedin.com/company/xzell; https://www.linkedin.com/pub/sebastian-chakrit-punyaratabandhu-bhakdi/4a/357/8a3,,
Tech in Asia,https://www.crunchbase.com/organization/tech-in-asia,,,https://www.linkedin.com/company/tech-in-asia/; http://www.linkedin.com/in/williswee,,
Peeba,https://www.crunchbase.com/organization/Peeba,,,https://www.linkedin.com/company/peeba; http://www.linkedin.com/in/jackylaihk,,
Proglix,,https://www.facebook.com/profile.php?id=100086480051818,,https://www.linkedin.com/company/proglixindonesia/; https://www.linkedin.com/in/wynn-wijaya-76a2a8a4/; https://www.linkedin.com/in/prawira-indrawan-11826a256/; https://www.linkedin.com/in/wendy-noel-wijaya-b9b6648b/,,
Materee,,,,https://www.linkedin.com/company/materee-ycs22/; https://www.linkedin.com/in/hansel-hansel-05247554; http://www.linkedin.com/in/steven-walentino,,
Uwi,,https://www.facebook.com/uwihomesph,,https://www.linkedin.com/company/uwi-homes/; https://www.linkedin.com/in/r-joseph-tan-82967a161; https://www.linkedin.com/in/rexrodriguez/,,
Payable,,,,https://www.linkedin.com/company/payableid/; https://www.linkedin.com/in/ffahleraz/; https://www.linkedin.com/in/albertsahala/,,
Shipmates,https://www.crunchbase.com/organization/shipmates-7b21,https://www.facebook.com/shipmatesapp,,https://www.linkedin.com/company/shipmatesapp/; http://www.linkedin.com/in/joshsupan/,,
Ajourney,https://www.crunchbase.com/organization/ajourney,,,https://www.linkedin.com/company/ajourney; https://www.linkedin.com/in/jonathanlowhy/; https://www.linkedin.com/in/cayter-goh; https://www.linkedin.com/in/thomas-jiang/,,
Metafi,,,,https://www.linkedin.com/in/raimie-tang/; https://www.linkedin.com/in/arvindbramesh/,,
Delegasi,,,,https://www.linkedin.com/company/delegasi/; https://www.linkedin.com/in/yudha-okky-pratama-84217331/,,
CrediBook,https://www.crunchbase.com/organization/credibook,https://www.facebook.com/credibook/,,https://www.linkedin.com/in/gbyfrans/; https://www.linkedin.com/in/dekha-anggareska-5a27374b/; https://www.linkedin.com/in/christlie/,,
Fresh Factory,,,,https://www.linkedin.com/company/freshfactoryid/; https://www.linkedin.com/in/larry-ridwan-22671228/; https://www.linkedin.com/in/widijastoro-nugroho-7b686b/; https://www.linkedin.com/in/andre-septiano-b69a40114/,,
Bananas,https://www.crunchbase.com/organization/bananas-6948,,,https://www.linkedin.com/company/bananasid/; https://www.linkedin.com/in/mariogaw/; https://www.linkedin.com/in/kristian-frits-harris-sinaulan-04610744,,
Finnix,,,,https://www.linkedin.com/company/finnix-id; https://www.linkedin.com/in/reinhart-hermanus-6a149115/; https://www.linkedin.com/in/philipmoniaga/; https://www.linkedin.com/in/syaphy/,,
Poko,,,,https://www.linkedin.com/company/pokoapp/; https://www.linkedin.com/in/geoffreysee/; https://www.linkedin.com/in/tranngocvan210/,,
Dealls â€“ Jobs & Mentoring,,,,https://www.linkedin.com/company/dealls; https://www.linkedin.com/in/andhikasudarman/,,
Circular,https://www.crunchbase.com/organization/circular-0280,,,https://www.linkedin.com/company/nowcircular/; https://www.linkedin.com/in/nicolasramsay/; https://www.linkedin.com/in/george-oliver-81139754/,,
Powerhouse AI,https://www.crunchbase.com/organization/powerhouse-ai,,,https://www.linkedin.com/company/powerhouse-ai/; https://www.linkedin.com/in/ivoverhaegh/; https://www.linkedin.com/in/kushalpillay/,,
GIMO,https://www.crunchbase.com/organization/gimo,https://www.facebook.com/gimo.vn/,,https://www.linkedin.com/in/quannguyen89/,,
Finku,https://www.crunchbase.com/organization/finku,,,https://www.linkedin.com/company/finku/mycompany/?viewAsMember=true; https://www.linkedin.com/in/shyam-kalairajah-61a705128/; https://www.linkedin.com/in/reinaldo-tendean/,,
Marathon Education,,,,https://www.linkedin.com/company/marathon-education/?viewAsMember=true; https://www.linkedin.com/in/tranviettung/,,
Unravel Carbon,,,,https://www.linkedin.com/company/unravelcarbon/; https://www.linkedin.com/in/gracesai/; https://www.linkedin.com/in/marc-allen-90697227/,,
PINA,,,,https://www.linkedin.com/company/pinaindonesia/; https://www.linkedin.com/in/dan-van-leeuwen-7429104/; https://www.linkedin.com/in/fajar-kuntoro-35860354/; https://www.linkedin.com/in/hendry-chou-42251125/,,
Take App,https://www.crunchbase.com/organization/take-app,https://www.facebook.com/takeappofficial,,https://www.linkedin.com/company/take-app/; https://www.linkedin.com/in/youmin/,,
Durioo,https://www.crunchbase.com/organization/durioo-dc5f,,,https://www.linkedin.com/company/durioocom; https://www.linkedin.com/in/sinanismail/,,
Cera,,,,https://www.linkedin.com/company/getcera; https://www.linkedin.com/in/phil-dang-07631648/,,
Anfin,https://www.crunchbase.com/organization/anfin,https://www.facebook.com/anfin.vn/,,https://www.linkedin.com/company/anfin-vn/mycompany/; https://www.linkedin.com/in/phuoc-tran-b9979611/,,
Power to the Brand,,,,https://www.linkedin.com/in/yee-meng-chua-6845a990/; https://www.linkedin.com/in/rasmuschow/,,
Flagright,https://www.crunchbase.com/organization/flagright,,,https://www.linkedin.com/company/flagright; https://www.linkedin.com/in/baranozkan/; https://www.linkedin.com/in/madhugnadig/,,
Reforged Labs,https://www.crunchbase.com/organization/reforged-labs,,,https://www.linkedin.com/company/reforged-labs; https://www.linkedin.com/in/huynhrobert/,,
Bakool,,,,https://www.linkedin.com/company/radius-digitalmart; https://www.linkedin.com/in/ivan-darmawan-850887b1/; https://www.linkedin.com/in/stephanie-wongsoredjo/,,
Sribuu,https://www.crunchbase.com/organization/sribuu,,,https://www.linkedin.com/company/sribuu; https://www.linkedin.com/in/nadiaamalia/; https://www.linkedin.com/in/nadia-fadhila-b9ba4675; https://www.linkedin.com/in/fransisca-susan-32a634b1/,,
UpBanx,https://www.crunchbase.com/organization/upbanx,,,https://www.linkedin.com/company/upbanx; https://www.linkedin.com/in/wafataftazani/,,
Whiz,,,,https://www.linkedin.com/company/whiz-idn/; https://www.linkedin.com/in/dominicsumarli/; https://www.linkedin.com/in/agneswlie/; https://www.linkedin.com/in/frw/,,
Dropezy,https://www.crunchbase.com/organization/dropezy,https://www.facebook.com/dropezy,,https://www.linkedin.com/company/dropezy/; https://www.linkedin.com/in/chandni-chainani/; https://www.linkedin.com/in/niteshchellaram/,,
Yezza,,https://www.facebook.com/yezza,,https://www.linkedin.com/company/yezza; https://www.linkedin.com/in/ammarroslizar/; https://www.linkedin.com/in/wan-mohd-aizuddin-wan-mohamad-667158122/,,
bipi,,https://www.facebook.com/bipi.id,,https://www.linkedin.com/company/bipi-id; https://www.linkedin.com/in/yih-lin-teh/; https://www.linkedin.com/in/david-chew-ab5a5336/,,
Transfez,,,,https://www.linkedin.com/in/edowindratno/; https://www.linkedin.com/in/bondanherumurti/,,
Peakflo,https://www.crunchbase.com/organization/peakflo,,,https://www.linkedin.com/company/peakflo/; https://www.linkedin.com/in/saurabh-chauhan/; https://www.linkedin.com/in/dmitryvedenyapin/,,
TazkerAI / Lumina,https://www.crunchbase.com/organization/lumina-6a60,https://www.facebook.com/lumina.mba/,,https://www.linkedin.com/company/tazker; https://www.linkedin.com/in/triahmadirfan/,,https://www.twitter.com/irfan3
StafBook,,,,https://www.linkedin.com/company/stafbook-com; https://www.linkedin.com/in/fransiskus-raymond-59b2604a/; https://www.linkedin.com/in/ghuniyu,,
Titipku,,https://www.facebook.com/titipkuofficial/,,https://www.linkedin.com/in/ong-tek-tjan-533b2616/,,
Adra,,,,https://www.linkedin.com/company/adra-ai/?viewAsMember=true; http://www.linkedin.com/in/hamedfesharaki; https://www.linkedin.com/in/shifeng-chen-120534219/; https://www.linkedin.com/in/yasaman-nemat/,,
Atlas,,,,https://www.linkedin.com/in/yongyisung/; https://www.linkedin.com/in/shawnliam/; https://www.linkedin.com/in/ernestsim/,,
Pandai,https://www.crunchbase.com/organization/pandai-org,,,https://www.linkedin.com/in/khairul-anwar-mohamad-zaki; https://www.linkedin.com/in/akmalakhpah; https://www.linkedin.com/in/suhaimi-ramly/,,
Infina,,,,https://www.linkedin.com/company/infinavn/mycompany/; https://www.linkedin.com/in/jameslvuong/,,
HitPay,,https://www.facebook.com/HitPaynow/,,https://www.linkedin.com/company/hit-pay; www.linkedin.com/in/adityaharipurkar,,https://www.twitter.com/officialhitpay
Sirka,https://www.crunchbase.com/organization/sirka,,,https://www.linkedin.com/company/sirkaio/; https://www.linkedin.com/in/dito-holanda/,,
Intellect,https://www.crunchbase.com/organization/intellect-co,https://www.facebook.com/intellect.co/,,https://www.linkedin.com/company/intellecthq/; https://www.linkedin.com/in/a7urag/,,
Arrow,,https://www.facebook.com/CheckoutwithArrow,,https://www.linkedin.com/company/arrowcheckout; https://www.linkedin.com/in/liatbeng/; https://www.linkedin.com/in/sudhan-raj/; https://www.linkedin.com/in/sebastianroervig/,,
MindFi,,https://www.facebook.com/mindfico,,https://www.linkedin.com/in/bjornlee/; https://www.linkedin.com/in/gangeshwark; https://www.linkedin.com/in/leonck/; https://www.linkedin.com/in/anitasadasivan/,,
Warpfy,,https://www.facebook.com/Warpfy-102286585414161,,https://www.linkedin.com/company/warpfy/?viewAsMember=true; https://www.linkedin.com/in/deepak-garg-03675911/; https://www.linkedin.com/in/harrischeng/,,
Dreamerly,,,,https://www.linkedin.com/in/longvtran/; https://www.linkedin.com/in/thanh-n-43467a3a/,,
Verihubs,https://www.crunchbase.com/organization/verihubs,,,https://www.linkedin.com/company/verihubs; https://www.linkedin.com/in/rickfirnando/,,
Tablevibe,https://www.crunchbase.com/organization/tablevibe-co,,,https://www.linkedin.com/company/tablevibe; https://www.linkedin.com/in/jeroen-rutten-60499921/; https://www.linkedin.com/in/guidocaldara/,,
Strive Math,,,,https://www.linkedin.com/company/strivemath; https://www.linkedin.com/in/tamir-shklaz-32b446160/; https://www.linkedin.com/in/agarwalpulkit/,,
Advantage Club,https://www.crunchbase.com/organization/advantage-club,https://www.facebook.com/advantageclubindia/,,https://www.linkedin.com/company/work-advantage,,
Deskimo,https://www.crunchbase.com/organization/deskimo,https://www.facebook.com/deskimoapp,,https://www.linkedin.com/company/72052483; https://www.linkedin.com/in/christianmischler; https://www.linkedin.com/in/raphaelc/,,
Hive Health,,,,https://www.linkedin.com/company/our-hive-health; https://www.linkedin.com/in/camille-ang-19224647/; https://www.linkedin.com/in/jiawentang/,,
Cococart,https://www.crunchbase.com/organization/cococart,https://www.facebook.com/cococart.co,,https://www.linkedin.com/company/cococart-co; https://www.linkedin.com/in/dereklmy/; https://www.linkedin.com/in/zhiconglim/,,
Nano Technologies,,,,https://www.linkedin.com/in/%F0%9F%94%AD-dzung-dang-1565425/; https://www.linkedin.com/in/thang-nguyen-92620557/,,
NextPay,,https://www.facebook.com/nextpayph,,https://www.linkedin.com/company/nextpayph; https://www.linkedin.com/in/donpansacola/; https://www.linkedin.com/in/aldricht/,,
Avion School,,https://www.facebook.com/avionschool,,https://www.linkedin.com/school/avionschool/; https://www.linkedin.com/in/victor-rivera-a87b70124/,,
Friz,https://www.crunchbase.com/organization/feige-27e7,https://www.facebook.com/UseFriz/?ref=page_internal&path=%2FUseFriz%2F,,https://www.linkedin.com/company/usefriz; http://www.linkedin.com/in/niralizaveri; https://www.linkedin.com/in/ashrhazaly,,
Homebase,https://www.crunchbase.com/organization/homebase-ad4c,https://www.facebook.com/gethomebase,,https://www.linkedin.com/company/gethomebase; https://www.linkedin.com/in/phillipan/; https://www.linkedin.com/in/jy-tan/,,
Greywing,https://www.crunchbase.com/organization/greywing-28da,,,https://www.linkedin.com/company/greywing; https://www.linkedin.com/in/nick-j-clarke/; https://www.linkedin.com/in/hrishioa,,
FirstSupport.ai,,,,https://www.linkedin.com/in/terry-djony,,
BrioHR,https://www.crunchbase.com/organization/briohr,https://www.facebook.com/briohr/,,https://www.linkedin.com/company/briohr; https://www.linkedin.com/in/benjamin-croc-93669426/; https://www.linkedin.com/in/nabil-oudghiri-870372b5,,
Dashlabs.ai,https://www.crunchbase.com/organization/dashlabs-ai,https://www.facebook.com/dashlabsai,,https://www.linkedin.com/company/dashlabsai/; https://www.linkedin.com/in/martingomez168; https://www.linkedin.com/in/weston-lim-b75327b9,,
Aviron Interactive,,https://www.facebook.com/avironactive,,https://www.linkedin.com/company/aviron-interactive; https://www.linkedin.com/in/andy-hoang-93067226/,,
Cyble,https://www.crunchbase.com/organization/cyble,https://www.facebook.com/cybleau,,https://www.linkedin.com/company/14707748/; https://www.linkedin.com/in/beenu-arora-b5068412/; https://www.linkedin.com/in/manish-r-chachada/,,
Notabene,https://www.crunchbase.com/organization/notabene-86d2,,,https://www.linkedin.com/company/notabene-id; https://www.linkedin.com/in/pelleb/; https://www.linkedin.com/in/ajunge; https://www.linkedin.com/in/ania-lipinska/; https://www.linkedin.com/in/alicenawfal/,,
Decentro,https://www.crunchbase.com/organization/decentro,,,https://www.linkedin.com/company/decentro/; https://www.linkedin.com/in/rohit-taneja-69b30b13/,,
Hypotenuse AI,,,,https://www.linkedin.com/company/hypotenuse-ai; https://www.linkedin.com/in/jwonged/,,
Volopay,,https://www.facebook.com/volopay,,https://www.linkedin.com/company/volopay/; https://www.linkedin.com/in/rajiths/,,
Bot MD,,,,https://www.linkedin.com/in/dotkoh; https://www.linkedin.com/in/yanchuan,,
ErudiFi,,,,https://www.linkedin.com/company/erudifi/; https://www.linkedin.com/in/nagatan/; https://www.linkedin.com/in/susli/,,
Pop Meals,,,,https://www.linkedin.com/in/jonathanweins/; https://www.linkedin.com/in/christian-edelmann-we-are-hiring-27166531/; https://www.linkedin.com/in/jessicaykli/,,
AlemHealth,,,,https://www.linkedin.com/in/aschkan,,
Jenfi,https://www.crunchbase.com/organization/jenfi,https://www.facebook.com/jenficapital/,,https://www.linkedin.com/company/jenfi; https://www.linkedin.com/in/jeffreykliu/; https://www.linkedin.com/in/nitsujri,,
borong,https://www.crunchbase.com/organization/dropee-com,https://www.facebook.com/dropeeofficial/,,https://www.linkedin.com/company/borong-malaysia/; https://www.linkedin.com/in/lenniseng; https://www.linkedin.com/in/aizatrahim/; https://www.linkedin.com/in/lindarasip/,,
Pahamify,,https://www.facebook.com/pahamify/,,https://www.linkedin.com/company/pahamify/; https://www.linkedin.com/in/edria-albert-38223341/; https://www.linkedin.com/in/syarif-rousyan-fikri-4b223851/,,
twoplus fertility,,,,https://www.linkedin.com/in/prusothman-sina-raja-93881440/,,
Taskade,https://www.crunchbase.com/organization/taskade,,,https://www.linkedin.com/company/taskade; https://www.linkedin.com/in/johnxie/; https://www.linkedin.com/in/lxcid; https://www.linkedin.com/in/dionis-loire-6000588,,
Eden Farm,,https://www.facebook.com/EdenFarmId/,,https://www.linkedin.com/company/14422413; https://www.linkedin.com/in/febrianto-gamal-3829b08b/; https://www.linkedin.com/in/dgunawan1; https://www.linkedin.com/in/ramavito-mountaino-12873a132/,,
Shiok Meats,https://www.crunchbase.com/organization/shiok-meats,https://www.facebook.com/shiokmeats/,,https://www.linkedin.com/company/shiokmeats/; https://www.linkedin.com/in/sandhyasriram/,,
Traverse Technologies,,,,https://www.linkedin.com/in/eugenehuangsg/; https://www.linkedin.com/in/thetlinthu/,,
AllSome Fulfillment,https://www.crunchbase.com/organization/5688-global-limited,https://www.facebook.com/allsomeglobal,,https://www.linkedin.com/company/allsome; https://www.linkedin.com/in/yishu-liu-61357217a; http://www.linkedin.com/in/yi2ng2,,
Xfers,,,,https://www.linkedin.com/in/tianweiliu; https://www.linkedin.com/in/victorliewjiahao/,,
Kalibrr,,,,https://www.linkedin.com/in/dannycastonguay/; https://www.linkedin.com/in/ligotgordon/,,
MadEats,,,,https://www.linkedin.com/in/mikeevillareal; https://www.linkedin.com/in/andrea-cruz-a46155148,,
OctiFi,,https://www.facebook.com/octifi,,https://www.linkedin.com/company/octifi; https://www.linkedin.com/in/echin6/,,
Saleswhale,,,,https://www.linkedin.com/in/ethan-le-16a4357/; https://www.linkedin.com/pub/venus-wong/10/b9b/8b9,,
Suggestr,https://www.crunchbase.com/organization/suggestr,,,https://www.linkedin.com/company/suggestr/?viewAsMember=true,,
Cherry Recommends,,,,https://www.linkedin.com/company/cherryrecommends/; https://www.linkedin.com/in/rian-finnegan/,,
Milky Way AI,,,,https://www.linkedin.com/company/milkywayai; https://www.linkedin.com/in/sagarsetu/,,
Finantier,https://www.crunchbase.com/organization/finantier,,,https://www.linkedin.com/company/finantier; https://www.linkedin.com/in/keng/,,
Meson,,,,https://www.linkedin.com/in/edrick-yuhui-guan-913a3637/; https://www.linkedin.com/in/zehao-li,,
Maitian.ai,,,,https://www.linkedin.com/in/ye-xia-340803135/,,
